title,company,location,link
Python Developer,Seen by Indeed,"Austin, TX",https://www.indeed.com/viewjob?jk=99345ff090923ecd
Python Scripting and Tool Development Online Instructor,The Los Angeles Film School,"Winter Park, FL",https://www.indeed.com/viewjob?jk=84c5b3602e97e05a
Senior Cloud and DevOps Infrastructure Analyst,"Crossroads Technologies, Inc.","Wyomissing, PA",https://www.indeed.com/viewjob?jk=cab7ce5d5b03d016
Data Engineer 3,CPS Energy,"San Antonio, TX",https://www.indeed.com/viewjob?jk=d1584268b105a9a8
Level 1 Application Analyst,RevCycle,"Marshfield, WI",https://www.indeed.com/viewjob?jk=4bb432f419ec9636
We're Hiring Developers & Engineers! (Multiple Openings),GM Financial,"Arlington, TX",https://www.indeed.com/viewjob?jk=d1c41aff02060e35
Junior Data Manager,Sword Group,"Houston, TX",https://www.indeed.com/viewjob?jk=cb84cbfd6d69f8ea
Software Engineer (AWS and Python),Capital One,"McLean, VA",https://www.indeed.com/viewjob?jk=47b236dfbad1dd1c
"Entry Level Python, AWS Engineer",TEKbasic Technologies,"South Plainfield, NJ",https://www.indeed.com/viewjob?jk=399b70390066bdd1
Data Scientist - Entry Level,Pathrise,Remote,https://www.indeed.com/viewjob?jk=602196c5ea2f32da
Content Contributor: Data Analysis with R,Codecademy,Remote,https://www.indeed.com/viewjob?jk=7502ecf2e0c40724
Content Contributor: Python and Flask,Codecademy,Remote,https://www.indeed.com/viewjob?jk=eeeeaca1d923b164
Python Developer,JNIT Technologies,"Malvern, PA",https://www.indeed.com/viewjob?jk=6d168e43e7ed06e4
Full Time Opportunities for Students or Recent Graduates: Data & Applied Sciences,Microsoft,"Redmond, WA",https://www.indeed.com/viewjob?jk=11baba484db23433
Data Center Technician,"Amazon Data Services, Inc.","Chantilly, VA",https://www.indeed.com/viewjob?jk=d66389e53911b420
Python Developer,proximate,"California, MD",https://www.indeed.com/viewjob?jk=54ae62ae3ce1b099
Junior Penetration Tester,Information and Infrastructure Technologies,"Arlington, VA",https://www.indeed.com/viewjob?jk=963fd6b46784e789
"Business Analyst Rotation Program - Richmond, Va",CarMax,"Richmond, VA",https://www.indeed.com/viewjob?jk=90cafd9deffe557e
Full Stack Python Developer,Fourth Estate Public Benefit Corporation,"Washington, DC",https://www.indeed.com/viewjob?jk=2daea61de9d915c5
Python Developer,DG Allen Consulting,"Lafayette, LA",https://www.indeed.com/viewjob?jk=a93fe2df7f0b65ac
Python Developer Training and Placement,Precision Technologies Corp,"Virginia Beach, VA",https://www.indeed.com/viewjob?jk=6a680d09b16cf062
Events Coordinator,CodeCombat,Remote,https://www.indeed.com/viewjob?jk=4554133f25571d59
Sr. Python Developer,Amgenium,"Louisville, KY",https://www.indeed.com/viewjob?jk=a8a14d7aa786597c
Research Scientist,LOCKHEED MARTIN CORPORATION,"Billerica, MA",https://www.indeed.com/viewjob?jk=c933f49164b051f9
Python developer,Ace-stack LLC,"Columbus, OH",https://www.indeed.com/viewjob?jk=1d5ad11bdbc0e360
Python Developer,SJSU,"Mountain View, CA",https://www.indeed.com/viewjob?jk=d85fae2523a924a2
Python Developer,Saiana Technologies,"Lakeland, FL",https://www.indeed.com/viewjob?jk=6ffe2d39fc80415c
Python Developer,Binding Minds Inc,"Minneapolis, MN",https://www.indeed.com/viewjob?jk=90570381a64b239e
Jr Python Quantitative Developer,Freddie Mac,"McLean, VA",https://www.indeed.com/viewjob?jk=c09466828dcbca1f
Software Engineer(Python & testing),suprasoft,"Texas City, TX",https://www.indeed.com/viewjob?jk=4f1314714c340e65
Junior Python Developer,Hexadus,"San Francisco, CA",https://www.indeed.com/viewjob?jk=0cae545dd61c7c2a
Sr. Python Developer,Akshaya Inc,"San Jose, CA",https://www.indeed.com/viewjob?jk=027c4ab75ae36226
Intern (IA Engineering Support),Telos Corporation,"Ashburn, VA",https://www.indeed.com/viewjob?jk=a9bc2ae0f9bce7fc
Sr. Python Developer,Arcurve Inc.,"Katy, TX",https://www.indeed.com/viewjob?jk=a14e3c6b3bc32984
Python DATA Scientist,Amgenium,"Mason, OH",https://www.indeed.com/viewjob?jk=2482daa651dedaee
Python Developer,Direct Client,"Cupertino, CA",https://www.indeed.com/viewjob?jk=d354751ad44c4297
Data Engineer,Aptly Technology,"Redmond, WA",https://www.indeed.com/viewjob?jk=c68a2567a9b22671
Security Management,Cerebra Consulting,"Manassas, VA",https://www.indeed.com/viewjob?jk=082210fadc868b32
Python Developer,AArete,"Washington, DC",https://www.indeed.com/viewjob?jk=005c618c9bd589dd
Python Developer,Rexo Solutions,"Wilmington, IL",https://www.indeed.com/viewjob?jk=e7b7584c9efe8623
Exelaration Center Team Member,NextUp Solutions LLC,"Blacksburg, VA",https://www.indeed.com/viewjob?jk=61dc3e9563ec8e79
Sr. Python Developer,Noblesoft Solutions Inc.,"Jacksonville, FL",https://www.indeed.com/viewjob?jk=7f5a20657b27e72d
Need Python Developer,Talentminds,"Plano, TX",https://www.indeed.com/viewjob?jk=c2dd4b5a7e819283
Python Developer,BMR Infotek,"Fort Mill, SC",https://www.indeed.com/viewjob?jk=0020079805e649df
Python Developer,inficare technologies,"Houston, TX",https://www.indeed.com/viewjob?jk=3025bd8855e89eee
R and Python Developer IV,"Wisetek Providers, Inc.","Washington, DC",https://www.indeed.com/viewjob?jk=f56734a1d14ee8cb
Sr. Python Developer,ActiveSoft Inc,"Louisville, KY",https://www.indeed.com/viewjob?jk=b9db36020f241e73
Blockchain Developer,Paytape,"McLean, VA",https://www.indeed.com/viewjob?jk=3575d7a5baa5532a
Python Developer,CA-One Tech Cloud Inc,"Sunnyvale, CA",https://www.indeed.com/viewjob?jk=df98f21485c8508d
Python Developer,RAPS Consulting Inc.,"Nashville, TN",https://www.indeed.com/viewjob?jk=ddf384aad0143984
Python Developer,o2 Technologies Inc,"Deerfield, IL",https://www.indeed.com/viewjob?jk=4fee8f38f60c9e86
Software Developer/Data Scientist,2nd Logic,"Little Rock, AR",https://www.indeed.com/viewjob?jk=6e4058751fda05ad
Content Contributor: ASP.NET and C#,Codecademy,Remote,https://www.indeed.com/viewjob?jk=21acc5c671ea4daf
Python Developer,premier it solutions,"San Francisco Bay Area, CA",https://www.indeed.com/viewjob?jk=4c27953d5e5b2277
Python Developer,Solware IT tech,"Dallas, TX",https://www.indeed.com/viewjob?jk=59de4bded7c99497
Machine Learning/Python Engineer,Amgenium,"Deerfield, IL",https://www.indeed.com/viewjob?jk=4735e1ea71ddbd99
Jr. Python Developer,Precision Technologies Corp,"Monmouth Junction, NJ",https://www.indeed.com/viewjob?jk=a76589301c829dce
Python Developer,Valve LLC,"McLean, VA",https://www.indeed.com/viewjob?jk=aaabb9f6561dbaf2
"Python developer @ Princeton, NJ",CEDENT,"Princeton, NJ",https://www.indeed.com/viewjob?jk=b76dd211f1fd7b9c
Data Engineer 3,CPS Energy,"San Antonio, TX",https://www.indeed.com/viewjob?jk=d1584268b105a9a8
Python Developer,Seen by Indeed,"Austin, TX",https://www.indeed.com/viewjob?jk=99345ff090923ecd
Python Scripting and Tool Development Online Instructor,The Los Angeles Film School,"Winter Park, FL",https://www.indeed.com/viewjob?jk=84c5b3602e97e05a
We're Hiring Developers & Engineers! (Multiple Openings),GM Financial,"Arlington, TX",https://www.indeed.com/viewjob?jk=d1c41aff02060e35
Junior Data Manager,Sword Group,"Houston, TX",https://www.indeed.com/viewjob?jk=cb84cbfd6d69f8ea
Full Time Opportunities for PhD Students or Recent Graduates: Data & Applied Sciences,Microsoft,"Redmond, WA",https://www.indeed.com/viewjob?jk=75f326050b1b7c10
SDET with Python,Infotree Service Inc,"Seattle, WA",https://www.indeed.com/viewjob?jk=7ada0ab2923886f6
Sr. Python Mobile Developer,Zenergy Technologies,"Greensboro, NC",https://www.indeed.com/viewjob?jk=cb39668234080284
Python Developer,Precision Technologies Corp,"San Francisco Bay Area, CA",https://www.indeed.com/viewjob?jk=567634b23bf133f4
Sr. Python Developer,Robust Infotech LLC,"Mountain View, CA",https://www.indeed.com/viewjob?jk=9bb86b3fb08f41ed
Python/Hive Developer,Amgenium,"Detroit, MI",https://www.indeed.com/viewjob?jk=fc1a228ee7cbe0ae
Python Developer,Callsign Media,"Las Vegas, NV",https://www.indeed.com/viewjob?jk=345e22ca6e583be5
Research intern,Parametric,United States,https://www.indeed.com/viewjob?jk=d25f3b3c66bd5553
Python Developer,Akra Tech,Remote,https://www.indeed.com/viewjob?jk=b4746b42ba857a6b
Jr-Mid Python Developer,Vanjure,"Sterling, VA",https://www.indeed.com/viewjob?jk=ffcb657b894dc00f
Marketing Analyst,Elephant Insurance,"Henrico, VA",https://www.indeed.com/viewjob?jk=0fb0bd954e7ed891
Python full Stack Developer,Sharpedge Solutions Pvt Ltd,"San Jose, CA",https://www.indeed.com/viewjob?jk=3e603a34fb6d573b
Manual QA with Python,zb.io,"Sunnyvale, CA",https://www.indeed.com/viewjob?jk=9f9ece58e8af1510
Junior Data Scientist,ROSEN Group,"Columbus, OH",https://www.indeed.com/viewjob?jk=c3428020bdd17a99
Exploitation and Malware SME,"Ridgeline International, Inc.","Tysons Corner, VA",https://www.indeed.com/viewjob?jk=eeff07e1fe987eaa
Python Developer Intern,OXO Solutions,"Ruby, SC",https://www.indeed.com/viewjob?jk=84a541c104b5b24c
Full Stack Developer (Django/Python with React experience),BEM Controls,"Arlington, VA",https://www.indeed.com/viewjob?jk=98198691c2c33fd3
Python Developer,MonkeyLuvUSA Inc.,"Austin, TX",https://www.indeed.com/viewjob?jk=89edc87fe5a7ae84
Python Engineer (United Income),Capital One - US,"McLean, VA",https://www.indeed.com/viewjob?jk=cac4bbff7758c01c
Python Developer,"Simplex info systems inc.,","New York, NY",https://www.indeed.com/viewjob?jk=9bd57852da2de9af
Physical Scientist Technician,CyberData Technologies,"Sterling, VA",https://www.indeed.com/viewjob?jk=84fb7e29ab1498ef
Chemometrician,Phillips 66,"Bartlesville, OK",https://www.indeed.com/viewjob?jk=6f31059fe3a9f535
Jr.Python developer,Ace-stack LLC,"Houston, TX",https://www.indeed.com/viewjob?jk=3519843eea99fbe5
Backend Python Developer Intern,Inventive Byte,"San Jose, CA",https://www.indeed.com/viewjob?jk=43f4278037a3a66c
Data Scientist - Oversight and Investigation,New York City Council,"New York, NY",https://www.indeed.com/viewjob?jk=38d5bd1e803f1da8
Game Mathematician,Adriyana Solutions,Remote,https://www.indeed.com/viewjob?jk=2bca1c4a8124da50
Player Development Coach,Detroit Tigers,"Lakeland, FL",https://www.indeed.com/viewjob?jk=9686dad201d15f1e
Software Engineer - Python,Expel,"Herndon, VA",https://www.indeed.com/viewjob?jk=c880427fedfd0190
Graduate Internship â€“ Building Energy Modeling (Year Round),National Renewable Energy Laboratory,United States,https://www.indeed.com/viewjob?jk=e9bbc09125b1f778
Marketing Manager,CodeCombat,Remote,https://www.indeed.com/viewjob?jk=3841cc9e8230fcf0
Entry Level Data Analyst,Hopjump,"Boston, MA",https://www.indeed.com/viewjob?jk=2532431132ffbda1
"Deployed Geospatial Analyst, Mid",Booz Allen Hamilton,Virginia,https://www.indeed.com/viewjob?jk=f66d9377397c4672
Data Scientist I,Sable Systems International,"North Las Vegas, NV",https://www.indeed.com/viewjob?jk=560814d2cb57f3ca
Java Python developer,Ace-stack LLC,"Columbus, OH",https://www.indeed.com/viewjob?jk=2a89a74030730ac4
Entry Level Associate Analyst,"Innovative Decisions, Inc.","Vienna, VA",https://www.indeed.com/viewjob?jk=c1d87588aa697f32
Geospatial Programmer,CENTRA Technology,"McLean, VA",https://www.indeed.com/viewjob?jk=0e2533007d4656aa
Engineer Quality Assurance Materials,Virginia Dept of Transportation,"Richmond, VA",https://www.indeed.com/viewjob?jk=1d9c0163d09ef8f9
Associate Data Analyst - Feb 2020 start date,RiskSpan,"Arlington, VA",https://www.indeed.com/viewjob?jk=2871ed5f3065b89c
Junior Python Developer,Bank of America,"Chicago, IL",https://www.indeed.com/viewjob?jk=053efab77ef642bd
Python Developer,Kinetix Trading Solutions Inc,"Tampa, FL",https://www.indeed.com/viewjob?jk=b1ed1d3b3ecf23bf
Post Doctoral Researcher,The Ohio State University,"Columbus, OH",https://www.indeed.com/viewjob?jk=1c422d55956dc8f6
Entry Level - Software Developer,Smoothstack Inc,"Fairfax, VA",https://www.indeed.com/viewjob?jk=e49f6527e777a4a3
Research Programmer I,Princeton University,"Princeton, NJ",https://www.indeed.com/viewjob?jk=d573097f53683f6b
Data Scientist (Python),Applied Memetics LLC,Remote,https://www.indeed.com/viewjob?jk=0f16c57e35f21a63
Rigging TD,Technicolor,"Los Angeles, CA",https://www.indeed.com/viewjob?jk=22f2066a6c3c6cd6
Baseball Research and Development Analyst,Milwaukee Brewers,"Milwaukee, WI",https://www.indeed.com/viewjob?jk=d08dd3faa11c59dd
Python Developer,Haneke Design,"Tampa, FL",https://www.indeed.com/viewjob?jk=542b21736b6bca61
New College Graduate - Python,Saama Technologies Inc,"Campbell, CA",https://www.indeed.com/viewjob?jk=64ab643ca4e40bf8
Python Developer,Bank of America,"New York, NY",https://www.indeed.com/viewjob?jk=050d116593314f5e
Equity/Derivatives Trader/Sr Trader,Haitong International Securities (USA) LLC,"New York, NY",https://www.indeed.com/viewjob?jk=a31957c6b28b518e
Senior Cloud and DevOps Infrastructure Analyst,"Crossroads Technologies, Inc.","Wyomissing, PA",https://www.indeed.com/viewjob?jk=cab7ce5d5b03d016
Software Engineer (AWS and Python),Capital One,"McLean, VA",https://www.indeed.com/viewjob?jk=47b236dfbad1dd1c
"Entry Level Python, AWS Engineer",TEKbasic Technologies,"South Plainfield, NJ",https://www.indeed.com/viewjob?jk=399b70390066bdd1
Level 1 Application Analyst,RevCycle,"Marshfield, WI",https://www.indeed.com/viewjob?jk=4bb432f419ec9636
